<?xml version="1.0" encoding="UTF-8"?>
<rsp stat="ok">
<photos page="1" pages="5" perpage="100" total="500">
	<photo id="389530165" owner="37848805@N00" secret="f4404473c1" server="115" farm="1" title="Winterly impression" ispublic="1" isfriend="0" isfamily="0"/>
	<photo id="389087621" owner="23851046@N00" secret="e3983b8dbb" server="139" farm="1" title="season it all" ispublic="1" isfriend="0" isfamily="0"/>
	<photo id="389154978" owner="75632071@N00" secret="c21e2e5854" server="125" farm="1" title="Psyche" ispublic="1" isfriend="0" isfamily="0"/>
	<photo id="388990380" owner="26989422@N00" secret="eb20cf0cee" server="188" farm="1" title="Minimal winter" ispublic="1" isfriend="0" isfamily="0"/>
	<photo id="389012444" owner="85326590@N00" secret="266dc42d9b" server="171" farm="1" title="Deep in your mind...." ispublic="1" isfriend="0" isfamily="0"/>
	<photo id="388969376" owner="53654438@N00" secret="70f230b0ca" server="153" farm="1" title="Old and New" ispublic="1" isfriend="0" isfamily="0"/>
	<photo id="389500025" owner="32744903@N00" secret="1b64262734" server="147" farm="1" title="Parc Güell" ispublic="1" isfriend="0" isfamily="0"/>
	<photo id="389097692" owner="39425112@N00" secret="5c5371374f" server="133" farm="1" title="Pamela Machado" ispublic="1" isfriend="0" isfamily="0"/>
	<photo id="389249957" owner="30628894@N00" secret="a7dc3d5868" server="144" farm="1" title="Breathing fully" ispublic="1" isfriend="0" isfamily="0"/>
	<photo id="389011060" owner="20338931@N00" secret="c64414487e" server="150" farm="1" title="Human Resource" ispublic="1" isfriend="0" isfamily="0"/>
	<photo id="389276897" owner="40534252@N00" secret="07d9d2e3ae" server="140" farm="1" title="Gulf Storm" ispublic="1" isfriend="0" isfamily="0"/>
	<photo id="389237191" owner="83147016@N00" secret="0269faffc8" server="150" farm="1" title="R1-Chevy Truck-HDR" ispublic="1" isfriend="0" isfamily="0"/>
	<photo id="389177923" owner="62025290@N00" secret="1e8752dd0b" server="159" farm="1" title="A Red Flower For You" ispublic="1" isfriend="0" isfamily="0"/>
	<photo id="389090044" owner="10797169@N00" secret="40e8729afd" server="138" farm="1" title="disheartened" ispublic="1" isfriend="0" isfamily="0"/>
	<photo id="389013137" owner="26724523@N00" secret="9e9785a479" server="151" farm="1" title="De Mayor a Menor...." ispublic="1" isfriend="0" isfamily="0"/>
	<photo id="389368135" owner="75681583@N00" secret="a9b6126b0d" server="179" farm="1" title="Castle Cornet" ispublic="1" isfriend="0" isfamily="0"/>
	<photo id="389347220" owner="62338591@N00" secret="b100fdc6ba" server="143" farm="1" title="the River" ispublic="1" isfriend="0" isfamily="0"/>
	<photo id="389051118" owner="59514628@N00" secret="c1ef7735b4" server="132" farm="1" title="Windows, windows" ispublic="1" isfriend="0" isfamily="0"/>
	<photo id="388981029" owner="45641431@N00" secret="9cd9c86243" server="142" farm="1" title="Toulouse" ispublic="1" isfriend="0" isfamily="0"/>
	<photo id="389675214" owner="47849507@N00" secret="15672dc79b" server="153" farm="1" title="Liquid Sunshine" ispublic="1" isfriend="0" isfamily="0"/>
	<photo id="389382815" owner="24424426@N00" secret="c0f12c9183" server="153" farm="1" title="Splashbaby" ispublic="1" isfriend="0" isfamily="0"/>
	<photo id="389250296" owner="46422632@N00" secret="1a7559addc" server="148" farm="1" title="Cobalt and Ultramarine" ispublic="1" isfriend="0" isfamily="0"/>
	<photo id="389071176" owner="75417441@N00" secret="6ffa92b878" server="125" farm="1" title="" ispublic="1" isfriend="0" isfamily="0"/>
	<photo id="389318036" owner="49392355@N00" secret="b59c919c62" server="158" farm="1" title="Show Off" ispublic="1" isfriend="0" isfamily="0"/>
	<photo id="389425105" owner="39297005@N00" secret="1b9c79e1bd" server="155" farm="1" title="what about something red ?" ispublic="1" isfriend="0" isfamily="0"/>
	<photo id="389500549" owner="49633660@N00" secret="51714363fc" server="185" farm="1" title="forty four." ispublic="1" isfriend="0" isfamily="0"/>
	<photo id="389273680" owner="94247573@N00" secret="2e215ba0c2" server="175" farm="1" title="Bambi (Orton)" ispublic="1" isfriend="0" isfamily="0"/>
	<photo id="389784910" owner="20305180@N00" secret="8d423b2ab6" server="128" farm="1" title="be my love..." ispublic="1" isfriend="0" isfamily="0"/>
	<photo id="388960843" owner="84622886@N00" secret="7886043599" server="142" farm="1" title="" ispublic="1" isfriend="0" isfamily="0"/>
	<photo id="389184006" owner="13041917@N00" secret="e64ab43901" server="145" farm="1" title="" ispublic="1" isfriend="0" isfamily="0"/>
	<photo id="389278587" owner="40629365@N00" secret="8a59b11295" server="136" farm="1" title="lonely" ispublic="1" isfriend="0" isfamily="0"/>
	<photo id="389062926" owner="48912849@N00" secret="c7eb7d39d0" server="160" farm="1" title="photo-arts" ispublic="1" isfriend="0" isfamily="0"/>
	<photo id="389397204" owner="21643581@N00" secret="5456f985c3" server="185" farm="1" title="Perfect feathers" ispublic="1" isfriend="0" isfamily="0"/>
	<photo id="388891746" owner="73756288@N00" secret="8fbc3c7af0" server="175" farm="1" title="Grazing" ispublic="1" isfriend="0" isfamily="0"/>
	<photo id="389819622" owner="97993229@N00" secret="7f2c348997" server="151" farm="1" title="Chevy BelAir" ispublic="1" isfriend="0" isfamily="0"/>
	<photo id="389636898" owner="37892355@N00" secret="f8b62c1860" server="134" farm="1" title="Happy Valentine's Day!" ispublic="1" isfriend="0" isfamily="0"/>
	<photo id="389423430" owner="86587747@N00" secret="5a5e948d55" server="124" farm="1" title="AuroraBorealis...." ispublic="1" isfriend="0" isfamily="0"/>
	<photo id="389636146" owner="23324812@N00" secret="bc850a68d0" server="166" farm="1" title="b u l b u o s" ispublic="1" isfriend="0" isfamily="0"/>
	<photo id="389496909" owner="79873540@N00" secret="a467d44bfb" server="167" farm="1" title="The color of passion" ispublic="1" isfriend="0" isfamily="0"/>
	<photo id="389885939" owner="80319264@N00" secret="07530155cd" server="150" farm="1" title="from the past" ispublic="1" isfriend="0" isfamily="0"/>
	<photo id="388948413" owner="12013284@N00" secret="9d78eee8ed" server="158" farm="1" title="" ispublic="1" isfriend="0" isfamily="0"/>
	<photo id="389782905" owner="14422482@N00" secret="2532bf6587" server="135" farm="1" title="Underwear Editorial" ispublic="1" isfriend="0" isfamily="0"/>
	<photo id="389473837" owner="75612866@N00" secret="21cf114dfd" server="134" farm="1" title="WHISKERS GONE WILD" ispublic="1" isfriend="0" isfamily="0"/>
	<photo id="389320703" owner="76761445@N00" secret="25b5561387" server="164" farm="1" title="My dream" ispublic="1" isfriend="0" isfamily="0"/>
	<photo id="388961104" owner="94139576@N00" secret="4ae429dcc7" server="175" farm="1" title="Old still" ispublic="1" isfriend="0" isfamily="0"/>
	<photo id="389607493" owner="62078454@N00" secret="d83ea07d6f" server="185" farm="1" title="cleanse" ispublic="1" isfriend="0" isfamily="0"/>
	<photo id="389249334" owner="44809302@N00" secret="74f1b42b5f" server="132" farm="1" title="My Name is davidteter, and I am a Color Whore" ispublic="1" isfriend="0" isfamily="0"/>
	<photo id="389222132" owner="77945438@N00" secret="8801d50a62" server="143" farm="1" title="Beauty behind glass" ispublic="1" isfriend="0" isfamily="0"/>
	<photo id="389158665" owner="13571173@N00" secret="a692e926d6" server="143" farm="1" title="The old factory" ispublic="1" isfriend="0" isfamily="0"/>
	<photo id="389313589" owner="37809637@N00" secret="48de9ac6cb" server="128" farm="1" title="Amongst the stones" ispublic="1" isfriend="0" isfamily="0"/>
	<photo id="389311366" owner="21638564@N00" secret="3224b166ec" server="170" farm="1" title="DRAGONFLY" ispublic="1" isfriend="0" isfamily="0"/>
	<photo id="388935822" owner="16589677@N00" secret="4b4380d91b" server="154" farm="1" title="Winter's sunset" ispublic="1" isfriend="0" isfamily="0"/>
	<photo id="389341137" owner="49189771@N00" secret="8e4e3c0f2d" server="132" farm="1" title="Will It Go Round In Circles?" ispublic="1" isfriend="0" isfamily="0"/>
	<photo id="389293216" owner="99258979@N00" secret="d62602063e" server="131" farm="1" title="Mom's the word" ispublic="1" isfriend="0" isfamily="0"/>
	<photo id="389103643" owner="21084470@N00" secret="b2adb8e2d7" server="130" farm="1" title="love is in the air" ispublic="1" isfriend="0" isfamily="0"/>
	<photo id="389750315" owner="53931520@N00" secret="1db389a0e4" server="132" farm="1" title="New Haircut" ispublic="1" isfriend="0" isfamily="0"/>
	<photo id="389635396" owner="40884578@N00" secret="1834486b2b" server="174" farm="1" title="Voyeurism Cubed B&amp;W" ispublic="1" isfriend="0" isfamily="0"/>
	<photo id="389311756" owner="57335967@N00" secret="717ac7671b" server="142" farm="1" title="WTH?....day 82" ispublic="1" isfriend="0" isfamily="0"/>
	<photo id="389302740" owner="96506993@N00" secret="9956115a3e" server="152" farm="1" title="Fotosafari em Salto." ispublic="1" isfriend="0" isfamily="0"/>
	<photo id="389140131" owner="82256086@N00" secret="d675deb721" server="98" farm="1" title="Glowing Lotus" ispublic="1" isfriend="0" isfamily="0"/>
	<photo id="389032819" owner="69387180@N00" secret="c3e9b4cb37" server="170" farm="1" title="Sheffield at night" ispublic="1" isfriend="0" isfamily="0"/>
	<photo id="388987919" owner="78722843@N00" secret="7c02dcd456" server="170" farm="1" title="time to loose ..." ispublic="1" isfriend="0" isfamily="0"/>
	<photo id="388919281" owner="26395922@N00" secret="91543086e1" server="144" farm="1" title="Blue Tailed Bee Eater" ispublic="1" isfriend="0" isfamily="0"/>
	<photo id="389015157" owner="81961450@N00" secret="8d1d4636fa" server="141" farm="1" title="Ship In A Bottle, Except Replace The Ship With Wine" ispublic="1" isfriend="0" isfamily="0"/>
	<photo id="388967700" owner="54228211@N00" secret="faa8e20c34" server="168" farm="1" title="A different view over Amboseli National Park" ispublic="1" isfriend="0" isfamily="0"/>
	<photo id="389477504" owner="17056146@N00" secret="90b78c37b4" server="147" farm="1" title="I love..." ispublic="1" isfriend="0" isfamily="0"/>
	<photo id="389418097" owner="60662120@N00" secret="ff5147565a" server="128" farm="1" title="Master Piste" ispublic="1" isfriend="0" isfamily="0"/>
	<photo id="389784698" owner="26662207@N00" secret="8fb5e56950" server="134" farm="1" title="Happy Valentine's Day" ispublic="1" isfriend="0" isfamily="0"/>
	<photo id="389030691" owner="18157405@N00" secret="dab18636ac" server="169" farm="1" title="deserted" ispublic="1" isfriend="0" isfamily="0"/>
	<photo id="388990859" owner="80072343@N00" secret="c630d59b5e" server="129" farm="1" title="Sunset in Adelaide" ispublic="1" isfriend="0" isfamily="0"/>
	<photo id="389564912" owner="68807691@N00" secret="563f79c812" server="155" farm="1" title="no umbrella" ispublic="1" isfriend="0" isfamily="0"/>
	<photo id="389878086" owner="46146754@N00" secret="4c58a2289d" server="129" farm="1" title="Happy Valentine's Day" ispublic="1" isfriend="0" isfamily="0"/>
	<photo id="389290748" owner="68221662@N00" secret="447908d4a6" server="164" farm="1" title="..." ispublic="1" isfriend="0" isfamily="0"/>
	<photo id="389413795" owner="88458426@N00" secret="3fea822248" server="169" farm="1" title="Whatchu Know About That?" ispublic="1" isfriend="0" isfamily="0"/>
	<photo id="388897630" owner="16976133@N00" secret="ba703cb62a" server="132" farm="1" title="Go on. Just say it!" ispublic="1" isfriend="0" isfamily="0"/>
	<photo id="389888045" owner="94191080@N00" secret="6b7fe6c7d5" server="131" farm="1" title="Kiss Your Dog Today" ispublic="1" isfriend="0" isfamily="0"/>
	<photo id="389741341" owner="85951581@N00" secret="6c52f61ec4" server="136" farm="1" title="Teach me tiger" ispublic="1" isfriend="0" isfamily="0"/>
	<photo id="389514973" owner="24834401@N00" secret="3202d97f7e" server="126" farm="1" title="vango car" ispublic="1" isfriend="0" isfamily="0"/>
	<photo id="389088425" owner="85251044@N00" secret="f87f9a2075" server="178" farm="1" title="Vision of Love" ispublic="1" isfriend="0" isfamily="0"/>
	<photo id="388958527" owner="43214283@N00" secret="e9358ae30c" server="151" farm="1" title="☆ A master of a pond ☆" ispublic="1" isfriend="0" isfamily="0"/>
	<photo id="388874362" owner="41547529@N00" secret="dec1dce082" server="178" farm="1" title="Yawn" ispublic="1" isfriend="0" isfamily="0"/>
	<photo id="389756903" owner="96894162@N00" secret="b73615c114" server="155" farm="1" title="Love Comes In Many Forms" ispublic="1" isfriend="0" isfamily="0"/>
	<photo id="388904798" owner="68522757@N00" secret="e3ea814f75" server="170" farm="1" title="Anemone e core..." ispublic="1" isfriend="0" isfamily="0"/>
	<photo id="388900626" owner="46217598@N00" secret="f3874715b1" server="137" farm="1" title="at the station" ispublic="1" isfriend="0" isfamily="0"/>
	<photo id="388886838" owner="74456965@N00" secret="c729455125" server="44" farm="1" title="lost in thoughts" ispublic="1" isfriend="0" isfamily="0"/>
	<photo id="389833912" owner="63255414@N00" secret="1c04dfed6c" server="159" farm="1" title="White-Throated Kingfisher" ispublic="1" isfriend="0" isfamily="0"/>
	<photo id="389704534" owner="32003621@N00" secret="df74aeaa97" server="168" farm="1" title="Providence Canyon State Park" ispublic="1" isfriend="0" isfamily="0"/>
	<photo id="389440775" owner="59552954@N00" secret="9dfff68c32" server="171" farm="1" title="Excellence Through Light" ispublic="1" isfriend="0" isfamily="0"/>
	<photo id="389238247" owner="67414828@N00" secret="072f9cddb9" server="182" farm="1" title="Hyacinth" ispublic="1" isfriend="0" isfamily="0"/>
	<photo id="389357050" owner="86777827@N00" secret="817df21fea" server="169" farm="1" title="Mimosa" ispublic="1" isfriend="0" isfamily="0"/>
	<photo id="388927902" owner="54654126@N00" secret="86d496054b" server="124" farm="1" title="For you ;))" ispublic="1" isfriend="0" isfamily="0"/>
	<photo id="389426064" owner="80699315@N00" secret="c0c4fc7c1f" server="159" farm="1" title="Still Life Of Fruits" ispublic="1" isfriend="0" isfamily="0"/>
	<photo id="389361723" owner="40495537@N00" secret="8157fd8573" server="180" farm="1" title="Striking blue!" ispublic="1" isfriend="0" isfamily="0"/>
	<photo id="389326265" owner="76255989@N00" secret="0d964c83d1" server="152" farm="1" title="Evening Flight" ispublic="1" isfriend="0" isfamily="0"/>
	<photo id="388999901" owner="22727327@N00" secret="e82728a642" server="159" farm="1" title="portrait 1" ispublic="1" isfriend="0" isfamily="0"/>
	<photo id="388980437" owner="44946182@N00" secret="080f116f75" server="126" farm="1" title="" ispublic="1" isfriend="0" isfamily="0"/>
	<photo id="389200473" owner="79662992@N00" secret="6d2ef3d515" server="176" farm="1" title="Tai's Valen-tai to mommy and daddy" ispublic="1" isfriend="0" isfamily="0"/>
	<photo id="389141333" owner="65687061@N00" secret="e7938702fe" server="149" farm="1" title="reflections of a broken moon" ispublic="1" isfriend="0" isfamily="0"/>
	<photo id="388893267" owner="50823707@N00" secret="0133bbc314" server="127" farm="1" title="Self Portrait" ispublic="1" isfriend="0" isfamily="0"/>
	<photo id="389807353" owner="25651456@N00" secret="b630c05b5c" server="134" farm="1" title="A Valentine" ispublic="1" isfriend="0" isfamily="0"/>
</photos>
</rsp>