<?xml version="1.0" standalone="yes"?>
<OperationsBaseData>
  <Inventory>
    <Date>2009-08-07T00:00:00.0000000</Date>
    <Flavor>Caramel</Flavor>
    <Received>160</Received>
  </Inventory>
  <Inventory>
    <Date>2009-08-07T00:00:00.0000000</Date>
    <Flavor>Cherry</Flavor>
    <Received>160</Received>
  </Inventory>
  <Inventory>
    <Date>2009-08-07T00:00:00.0000000</Date>
    <Flavor>Chocolate</Flavor>
    <Received>160</Received>
  </Inventory>
  <Inventory>
    <Date>2009-08-07T00:00:00.0000000</Date>
    <Flavor>Coffee</Flavor>
    <Received>160</Received>
  </Inventory>
  <Inventory>
    <Date>2009-08-07T00:00:00.0000000</Date>
    <Flavor>Lemon Sherbet</Flavor>
    <Received>160</Received>
  </Inventory>
  <Inventory>
    <Date>2009-08-07T00:00:00.0000000</Date>
    <Flavor>Mango</Flavor>
    <Received>160</Received>
  </Inventory>
  <Inventory>
    <Date>2009-08-07T00:00:00.0000000</Date>
    <Flavor>Orange Sherbet</Flavor>
    <Received>160</Received>
  </Inventory>
  <Inventory>
    <Date>2009-08-07T00:00:00.0000000</Date>
    <Flavor>Raspberry</Flavor>
    <Received>160</Received>
  </Inventory>
  <Inventory>
    <Date>2009-08-07T00:00:00.0000000</Date>
    <Flavor>Strawberry</Flavor>
    <Received>160</Received>
  </Inventory>
  <Inventory>
    <Date>2009-08-07T00:00:00.0000000</Date>
    <Flavor>Vanilla</Flavor>
    <Received>160</Received>
  </Inventory>
  <Inventory>
    <Date>2009-08-14T00:00:00.0000000</Date>
    <Flavor>Caramel</Flavor>
    <Received>145</Received>
  </Inventory>
  <Inventory>
    <Date>2009-08-14T00:00:00.0000000</Date>
    <Flavor>Cherry</Flavor>
    <Received>146</Received>
  </Inventory>
  <Inventory>
    <Date>2009-08-14T00:00:00.0000000</Date>
    <Flavor>Chocolate</Flavor>
    <Received>144</Received>
  </Inventory>
  <Inventory>
    <Date>2009-08-14T00:00:00.0000000</Date>
    <Flavor>Coffee</Flavor>
    <Received>120</Received>
  </Inventory>
  <Inventory>
    <Date>2009-08-14T00:00:00.0000000</Date>
    <Flavor>Lemon Sherbet</Flavor>
    <Received>90</Received>
  </Inventory>
  <Inventory>
    <Date>2009-08-14T00:00:00.0000000</Date>
    <Flavor>Mango</Flavor>
    <Received>100</Received>
  </Inventory>
  <Inventory>
    <Date>2009-08-14T00:00:00.0000000</Date>
    <Flavor>Orange Sherbet</Flavor>
    <Received>120</Received>
  </Inventory>
  <Inventory>
    <Date>2009-08-14T00:00:00.0000000</Date>
    <Flavor>Raspberry</Flavor>
    <Received>120</Received>
  </Inventory>
  <Inventory>
    <Date>2009-08-14T00:00:00.0000000</Date>
    <Flavor>Strawberry</Flavor>
    <Received>105</Received>
  </Inventory>
  <Inventory>
    <Date>2009-08-14T00:00:00.0000000</Date>
    <Flavor>Vanilla</Flavor>
    <Received>100</Received>
  </Inventory>
  <Inventory>
    <Date>2009-08-21T00:00:00.0000000</Date>
    <Flavor>Caramel</Flavor>
    <Received>140</Received>
  </Inventory>
  <Inventory>
    <Date>2009-08-21T00:00:00.0000000</Date>
    <Flavor>Cherry</Flavor>
    <Received>140</Received>
  </Inventory>
  <Inventory>
    <Date>2009-08-21T00:00:00.0000000</Date>
    <Flavor>Chocolate</Flavor>
    <Received>135</Received>
  </Inventory>
  <Inventory>
    <Date>2009-08-21T00:00:00.0000000</Date>
    <Flavor>Coffee</Flavor>
    <Received>100</Received>
  </Inventory>
  <Inventory>
    <Date>2009-08-21T00:00:00.0000000</Date>
    <Flavor>Lemon Sherbet</Flavor>
    <Received>80</Received>
  </Inventory>
  <Inventory>
    <Date>2009-08-21T00:00:00.0000000</Date>
    <Flavor>Mango</Flavor>
    <Received>70</Received>
  </Inventory>
  <Inventory>
    <Date>2009-08-21T00:00:00.0000000</Date>
    <Flavor>Orange Sherbet</Flavor>
    <Received>110</Received>
  </Inventory>
  <Inventory>
    <Date>2009-08-21T00:00:00.0000000</Date>
    <Flavor>Raspberry</Flavor>
    <Received>110</Received>
  </Inventory>
  <Inventory>
    <Date>2009-08-21T00:00:00.0000000</Date>
    <Flavor>Strawberry</Flavor>
    <Received>85</Received>
  </Inventory>
  <Inventory>
    <Date>2009-08-21T00:00:00.0000000</Date>
    <Flavor>Vanilla</Flavor>
    <Received>70</Received>
  </Inventory>
</OperationsBaseData>